city,country,meal_inexpensive,meal_for_2_midrange,mcmeal,domestic_beer_restaurant,imported_beer_restaurant,cappuccino,coke_pepsi_restaurant,water_restaurant,milk,bread,rice,eggs,cheese,chicken,beef,apples,banana,oranges,tomato,potato,onion,lettuce,water_market,wine,domestic_beer_market,imported_beer_market,cigarettes,one_way_ticket,monthly_pass,taxi_start,taxi_1km,taxi_1hour_waiting,gasoline,vw_golf,toyota_corolla,utilities_85m2,mobile_tariff,internet,fitness_club,tennis_court,cinema,preschool,intl_primary_school,jeans,summer_dress,nike_shoes,leather_shoes,apt_1bed_city,apt_1bed_outside,apt_3bed_city,apt_3bed_outside,price_sqm_city,price_sqm_outside,avg_salary,mortgage_rate,data_quality
Berlin,Germany,12.64,63.22,9.48,4.21,4.21,3.37,2.52,1.95,1.19,1.7,2.43,2.99,12.69,9.87,14.43,2.69,1.82,2.55,3.17,2.0,1.5,1.42,0.69,5.9,1.13,1.59,8.43,3.16,89.57,4.21,2.27,34.77,2.16,31580.74,28145.4,308.3,0.11,40.24,40.57,20.11,12.64,191.06,8781.21,88.38,37.06,85.48,110.25,1321.9,967.17,2447.03,1736.85,8604.37,5679.69,3158.05,2.18,1
Hamburg,Germany,14.75,63.22,9.48,4.74,4.21,3.59,2.8,2.3,1.18,2.38,2.27,3.75,12.11,9.0,14.18,2.97,1.84,2.3,2.06,1.46,0.98,1.22,0.71,7.38,0.72,1.43,7.9,3.44,96.94,4.32,2.07,35.72,2.24,27882.1,36598.08,287.14,0.12,37.75,55.36,31.48,15.81,611.17,24687.75,92.23,44.37,108.62,151.8,1111.22,844.66,2101.64,1610.25,9257.9,5938.61,3164.03,1.98,1
Munich,Germany,15.81,65.86,9.48,4.21,4.21,3.59,3.15,2.89,1.28,1.94,2.43,3.34,13.79,10.49,19.58,3.01,1.87,2.51,2.87,2.06,1.34,1.54,0.83,7.38,1.06,1.97,8.11,3.69,62.28,4.95,2.11,31.61,2.22,26132.88,23480.74,302.81,0.11,37.72,40.64,25.11,12.64,675.85,17023.84,91.81,37.83,94.33,121.13,1427.72,1061.23,2599.04,1943.52,12962.21,9517.5,3467.43,2.02,1
Cologne,Germany,13.7,55.32,9.48,3.69,3.06,2.85,2.36,1.89,1.1,1.94,2.19,2.73,12.26,10.29,14.05,2.77,1.67,2.3,1.41,1.91,1.22,1.61,0.65,5.27,0.56,2.16,8.43,3.16,101.16,3.95,2.16,31.61,2.2,24441.62,28978.78,279.73,0.13,35.39,34.71,29.07,12.64,577.1,12223.44,86.27,30.56,80.61,116.88,921.15,700.43,1712.34,1265.2,6019.52,4662.82,2480.27,2.67,1
Frankfurt,Germany,14.75,63.22,9.05,4.21,3.69,3.37,2.88,2.69,1.12,1.8,2.26,2.87,12.47,10.35,16.26,2.77,1.73,2.16,1.7,1.85,0.98,1.4,0.53,6.32,0.91,1.28,7.59,2.9,98.1,3.69,1.9,34.77,2.25,26343.63,24847.31,341.76,0.1,38.65,47.13,21.73,12.91,765.68,12223.44,86.4,37.35,96.63,133.69,1169.07,907.33,2201.47,1605.41,10344.27,7393.78,3365.64,2.88,1
Dusseldorf,Germany,11.59,59.54,9.48,4.74,4.21,3.37,2.9,2.56,1.1,2.33,2.29,2.72,15.67,9.27,16.51,2.45,1.73,2.1,1.47,2.2,1.26,1.73,0.62,6.32,0.58,1.42,7.9,3.16,84.3,4.9,2.32,36.67,2.26,26343.63,23656.58,217.42,0.12,32.03,33.82,21.25,12.64,332.98,21053.83,109.14,39.14,84.77,109.89,1024.47,778.45,1886.91,1408.78,6996.87,5729.74,3245.42,1.88,1
Stuttgart,Germany,12.64,63.22,9.64,4.21,4.21,3.26,3.02,2.68,1.19,2.01,2.36,2.92,13.3,8.3,13.4,2.23,1.67,2.44,2.15,1.97,1.37,1.27,0.64,5.27,0.69,1.7,7.75,2.9,76.08,3.69,2.42,33.19,2.24,24236.14,25393.5,239.55,0.12,35.23,45.44,20.81,12.64,391.2,12047.37,81.84,32.21,70.47,111.3,1053.75,862.77,1885.85,1369.87,8745.16,6332.26,3411.99,2.61,1
Leipzig,Germany,9.48,52.69,8.43,4.21,3.69,3.3,2.81,2.49,1.07,1.55,1.83,2.38,12.07,8.32,13.35,2.4,1.7,2.01,1.4,1.39,0.97,1.23,0.48,5.27,0.61,1.48,7.9,3.16,85.35,3.69,2.63,25.29,2.29,25289.89,22831.15,238.91,0.14,39.37,29.39,31.61,10.54,207.06,6322.47,65.48,44.78,79.27,85.8,581.54,406.28,1424.66,983.93,6322.47,2704.61,2231.31,1.87,1
Dortmund,Germany,12.64,52.69,8.43,3.64,3.16,3.14,2.07,2.04,1.06,2.21,2.49,3.68,13.07,7.82,17.91,2.87,1.68,2.4,0.83,2.03,0.94,1.84,0.91,5.27,0.56,1.58,7.38,3.16,73.76,3.69,2.0,31.61,2.32,26343.63,26343.63,297.52,0.12,37.5,25.74,20.02,14.75,245.87,,90.62,39.52,73.76,114.16,700.74,386.37,1527.93,843.0,3582.73,2423.61,2646.41,2.5,1
Essen,Germany,11.59,55.32,8.69,4.0,3.16,3.01,2.63,1.79,0.98,1.77,2.07,2.89,12.9,7.33,13.0,2.21,1.71,1.9,0.83,2.11,0.94,1.43,0.4,3.95,0.56,2.0,7.38,3.16,84.3,4.21,2.11,33.51,2.32,17913.67,18967.41,233.34,0.17,39.52,20.42,45.66,10.54,305.59,10748.2,86.93,52.69,80.35,121.18,965.93,447.84,1053.75,965.93,,,2928.53,1.96,1
Bremen,Germany,12.64,52.69,10.53,4.74,3.16,3.34,2.02,2.33,1.2,1.73,1.96,2.64,15.07,7.43,20.37,3.15,1.68,2.07,0.85,2.24,1.02,1.47,0.52,5.26,0.63,1.65,7.48,3.0,71.44,3.69,2.42,31.61,2.28,24236.14,22128.65,222.28,0.1,36.88,25.95,13.17,10.27,453.18,19626.0,83.77,36.18,82.72,104.85,658.59,504.29,1304.01,912.37,4214.98,3108.55,2300.6,2.72,1
Dresden,Germany,10.54,47.42,8.96,3.69,3.69,3.14,2.97,2.26,1.03,1.04,2.31,2.4,11.03,7.26,10.53,2.07,1.73,2.43,1.41,1.42,1.11,1.21,0.9,5.8,0.69,1.26,8.43,2.63,67.02,4.11,2.37,26.87,2.3,23182.39,25835.73,249.36,0.09,32.9,36.13,22.66,10.54,242.07,10379.39,90.92,42.15,90.32,121.78,577.66,465.4,1141.56,869.93,4394.12,3319.3,2579.58,2.62,1
Hannover,Germany,10.54,57.96,8.43,5.01,4.21,3.36,2.98,3.01,0.99,2.36,2.1,2.76,10.1,7.83,17.07,3.29,1.74,2.13,1.28,1.64,1.08,1.11,0.5,5.27,0.66,1.73,8.42,3.21,73.76,3.37,2.08,31.61,2.32,23182.39,22892.61,231.32,0.13,32.27,40.64,20.65,12.64,395.68,14489.0,86.99,44.65,89.92,120.24,755.18,530.82,1299.53,1061.27,5268.73,3898.86,2664.16,1.96,1
Nuremberg,Germany,10.54,52.69,8.43,3.69,4.21,3.14,2.96,3.11,0.98,1.6,1.88,2.69,13.42,7.52,12.63,2.44,1.68,2.17,1.51,1.37,1.1,1.1,0.55,4.74,0.73,1.38,7.64,2.95,84.3,3.69,1.9,27.4,2.29,24201.37,26132.88,236.07,0.12,34.94,29.5,23.58,12.64,364.6,13501.11,85.94,46.1,84.53,123.68,713.91,493.5,1440.12,978.07,6023.49,4441.65,2992.03,1.97,1
Duisburg,Germany,10.54,47.42,9.48,4.06,4.21,3.06,2.85,2.56,1.06,1.13,2.02,2.72,10.74,6.0,9.47,2.45,1.67,2.1,1.28,1.04,0.97,0.98,0.33,5.79,0.58,1.42,7.38,3.06,89.57,4.9,2.11,31.61,2.26,26343.63,20021.16,386.53,0.12,32.03,21.04,27.4,10.54,252.9,8956.83,78.68,36.85,79.03,101.86,435.55,463.65,913.25,562.0,3161.24,2634.36,2123.3,1.38,0
Bochum,Germany,13.17,52.69,8.32,3.69,3.16,2.42,1.98,1.45,0.97,1.4,2.1,2.47,12.07,6.13,10.89,2.5,1.68,1.96,0.94,0.73,1.15,1.09,0.8,5.26,0.74,2.04,7.59,3.0,84.3,3.48,2.0,33.19,2.32,12644.94,18967.41,214.76,0.2,31.35,22.13,7.9,12.64,149.1,,57.96,54.0,94.84,126.45,553.22,421.5,1159.12,948.37,2107.49,1896.74,1685.99,1.73,1
Wuppertal,Germany,13.7,44.78,8.43,3.69,3.16,3.64,2.27,2.39,1.0,1.58,2.28,1.96,10.75,8.4,11.06,3.35,1.66,2.89,0.87,1.32,0.94,0.94,0.35,4.16,0.63,1.71,8.06,3.06,74.82,3.27,1.95,27.82,2.17,28451.12,26343.63,201.77,0.12,35.56,25.55,10.01,10.01,158.06,,75.08,37.93,79.03,97.47,368.81,393.75,816.65,737.62,,2845.11,3628.4,1.55,0
Bielefeld,Germany,10.54,47.42,9.48,4.21,3.16,3.34,2.11,1.77,0.96,2.53,2.1,2.64,9.37,8.29,24.74,2.57,1.68,2.7,0.83,1.32,1.4,0.82,0.68,5.27,0.62,1.48,7.38,2.95,94.84,6.43,2.11,34.77,2.28,33445.87,26317.29,304.66,0.09,30.73,29.85,26.34,12.64,360.91,10010.58,87.67,33.02,84.09,96.15,590.1,783.72,1659.65,1279.25,4267.67,3477.36,2502.64,2.4,1
Bonn,Germany,15.81,73.76,8.43,4.48,4.21,3.05,2.24,1.87,1.01,1.19,2.02,2.53,11.64,8.54,23.18,2.56,1.68,2.23,1.0,1.19,0.94,1.42,0.44,5.27,0.56,1.47,7.9,3.16,115.91,3.69,2.0,39.2,2.27,25822.03,25629.72,284.99,0.1,36.06,41.23,21.29,11.59,511.07,16859.92,78.89,36.22,92.73,101.95,667.37,618.2,2212.86,1752.73,6322.47,3951.54,2284.26,2.66,1
Munster,Germany,10.54,47.42,8.43,4.9,3.9,2.92,2.11,1.56,0.97,2.37,2.07,2.45,9.94,7.29,12.64,2.98,1.68,1.98,0.83,2.21,0.94,0.91,0.59,5.26,0.56,1.21,7.06,4.9,72.44,3.69,2.32,27.82,2.32,20806.2,22652.01,267.98,0.09,28.79,44.52,17.56,9.48,351.25,12644.94,84.12,28.1,82.37,99.93,843.0,635.76,1422.56,929.4,4510.03,1680.72,1882.69,1.87,1
Mannheim,Germany,11.59,63.22,8.43,4.21,3.42,2.94,2.58,2.42,0.98,1.58,1.77,2.09,14.01,7.61,20.81,2.81,1.68,2.09,0.96,1.87,0.96,1.26,0.42,4.74,0.58,1.31,7.59,2.85,79.03,3.69,2.27,31.61,2.3,26870.5,24938.64,274.63,0.18,34.9,36.76,23.71,12.64,520.29,9615.43,81.67,33.37,100.9,123.82,916.76,504.74,1277.14,995.79,4741.85,5268.73,3020.74,2.13,1
Karlsruhe,Germany,11.59,63.22,9.45,4.21,3.9,3.08,3.03,2.11,0.99,1.19,2.16,2.7,13.75,8.25,24.94,2.46,1.68,2.02,0.83,2.28,0.94,1.3,0.46,5.53,0.57,1.33,7.38,2.95,70.6,3.69,2.32,31.61,2.31,21074.9,25421.6,237.95,0.1,38.75,39.14,33.72,10.54,392.52,9799.83,94.13,43.03,91.91,135.82,698.11,652.0,1506.86,1211.81,4741.85,4039.36,2893.81,1.45,1
Augsburg,Germany,12.64,63.22,9.48,3.37,3.16,3.06,2.02,1.76,1.13,3.16,2.0,2.72,13.07,5.95,12.64,2.99,1.68,2.1,0.83,1.76,0.94,1.3,0.6,6.85,0.57,1.19,7.38,3.37,64.02,4.0,1.9,37.93,2.32,26870.5,22831.15,239.46,0.1,34.39,37.76,17.39,10.54,331.93,12118.07,86.93,38.2,77.98,142.26,890.41,591.85,1422.56,1238.15,6322.47,5268.73,2271.06,1.42,1
Wiesbaden,Germany,12.64,56.9,9.48,4.43,3.42,3.3,2.82,2.34,0.98,1.38,2.55,2.64,12.72,8.43,23.18,3.07,1.72,2.25,0.9,1.89,1.26,1.47,0.53,7.37,0.67,1.83,8.01,3.08,89.83,3.42,3.06,42.36,2.28,28451.12,25289.89,176.5,0.21,39.78,52.69,18.97,10.54,474.19,8166.53,91.94,38.29,94.49,150.16,737.62,734.11,1369.87,1211.81,5230.09,5057.98,2867.07,,1
Gelsenkirchen,Germany,10.54,47.42,8.43,4.06,3.95,3.03,2.85,2.54,1.0,1.13,2.02,3.06,10.74,6.0,9.47,2.35,1.67,2.23,1.28,1.04,0.97,0.98,0.33,5.27,0.65,1.21,7.38,2.85,,4.21,2.11,28.45,2.21,21074.9,20021.16,314.72,0.12,29.31,23.68,,10.54,252.9,8956.83,78.68,36.85,79.03,83.91,474.19,579.56,737.62,632.25,,,2687.05,1.3,0
Monchengladbach,Germany,10.54,52.69,7.9,3.69,3.06,2.7,2.32,1.83,1.1,1.94,1.58,2.73,12.26,7.11,13.16,2.63,1.67,1.32,0.83,1.13,1.05,1.61,0.62,5.26,0.56,2.16,7.59,3.06,84.3,3.16,2.11,37.93,2.2,24441.62,28978.78,269.06,0.13,35.39,24.24,,10.54,142.26,12223.44,68.49,30.56,80.61,84.3,474.19,421.5,895.68,790.31,2107.49,2107.49,2353.01,1.9,0
Aachen,Germany,10.54,52.69,8.43,3.69,4.21,2.93,2.35,2.31,1.01,1.09,1.91,2.58,10.62,9.96,15.82,2.33,1.66,2.2,0.97,1.69,1.4,1.09,0.5,6.32,0.63,1.34,8.01,3.06,73.76,4.0,2.0,31.61,2.32,18440.54,23533.64,244.06,0.12,31.17,25.17,16.33,10.54,509.8,12644.94,91.37,43.47,81.27,104.06,641.56,443.82,1217.66,955.62,7709.9,4443.29,2824.1,2.24,1
Braunschweig,Germany,8.17,68.49,9.48,3.69,4.21,3.55,2.77,2.0,0.97,2.57,2.15,2.88,14.19,7.66,13.38,2.28,1.68,2.1,0.83,0.53,0.94,1.16,0.63,5.26,0.64,1.75,7.38,3.16,70.6,3.27,2.37,27.82,2.35,32666.1,22655.52,275.78,,45.63,26.08,16.86,12.12,632.25,24236.14,99.58,42.15,98.35,105.37,445.73,417.99,1475.24,1062.53,3327.2,2581.68,3277.67,2.15,1
Kiel,Germany,11.38,52.69,8.42,4.11,3.16,3.4,2.19,2.99,1.01,1.92,2.14,2.41,11.23,6.65,13.34,2.1,1.7,2.45,1.26,1.18,0.98,1.09,0.48,5.27,0.58,1.23,8.43,2.74,64.28,3.64,2.05,25.29,2.3,25816.76,29504.87,224.8,0.1,32.66,29.85,21.07,12.64,304.53,11591.2,79.03,38.64,99.84,133.47,807.87,488.94,1593.79,1072.71,3688.11,2634.36,2476.3,2.23,1
Chemnitz,Germany,10.54,47.42,8.43,3.69,4.11,3.09,2.96,3.11,0.93,1.5,1.88,2.05,11.8,6.29,12.63,2.37,1.6,2.16,1.13,1.16,0.91,1.1,0.4,4.74,0.55,1.26,7.64,2.53,61.12,3.69,1.9,26.34,2.17,24201.37,26132.88,236.07,0.12,34.94,28.98,22.13,12.64,189.67,3161.24,68.23,30.2,64.54,112.05,562.0,368.81,816.65,632.25,3161.24,2634.36,2125.05,1.97,0
Halle,Germany,10.01,44.78,8.43,3.69,3.53,2.7,2.72,2.46,0.85,1.32,1.92,2.67,13.07,7.66,12.64,2.29,1.68,2.08,0.83,1.16,0.94,1.36,0.52,4.21,0.56,1.58,7.01,2.53,68.97,3.64,1.79,26.55,2.28,26343.63,31612.36,139.4,0.1,31.48,38.29,21.07,10.01,368.81,14225.56,50.93,28.98,80.79,105.37,479.45,344.22,1071.31,413.59,,,2107.49,1.64,0
Magdeburg,Germany,12.64,63.22,8.43,3.95,4.21,3.03,2.18,1.95,1.08,1.19,2.01,2.25,9.27,5.12,10.54,2.4,1.68,1.96,0.97,1.11,0.97,1.42,0.57,5.26,0.56,1.4,7.06,2.79,68.49,3.69,2.0,25.29,2.16,26343.63,21074.9,308.3,0.1,35.01,21.29,9.48,10.27,191.06,8781.21,40.83,37.06,79.03,89.57,453.11,389.89,843.0,684.93,2212.86,1791.37,1844.05,1.96,0
Freiburg im Breisgau,Germany,12.12,62.17,9.48,4.21,3.69,3.36,2.68,2.42,1.03,2.21,2.1,2.57,14.44,7.79,15.02,3.01,1.69,2.48,0.83,2.1,1.38,1.07,0.75,6.32,0.63,2.28,7.9,2.63,67.44,4.21,2.95,42.36,2.26,17386.8,34246.72,269.99,0.07,33.11,36.62,21.07,13.17,299.0,5268.73,80.79,34.25,92.91,168.6,904.46,707.99,1949.43,1535.46,7903.09,5795.6,2720.42,1.82,1
Krefeld,Germany,13.17,52.69,8.32,3.69,3.06,2.42,2.99,2.37,1.0,1.4,2.1,2.1,12.07,6.13,10.89,2.21,1.68,1.96,0.83,0.73,1.05,1.09,0.62,3.42,0.56,1.16,7.38,2.95,80.08,3.16,2.0,34.14,2.32,12644.94,18967.41,214.76,0.2,29.5,22.83,,11.59,149.1,,57.96,47.42,94.84,126.45,569.02,,,,,,2423.61,1.73,0
Mainz,Germany,8.43,42.68,7.38,4.21,3.16,3.24,2.81,2.18,1.06,2.46,2.07,2.89,13.53,8.45,14.75,2.97,1.73,2.48,0.83,1.77,1.68,1.16,0.68,9.48,0.6,1.68,7.59,3.11,85.99,5.27,2.53,26.55,2.32,24683.98,23266.69,345.63,0.31,36.88,35.56,21.07,15.28,758.7,5795.6,108.89,52.69,97.47,158.06,843.0,724.45,1861.62,1896.74,5795.6,4214.98,3090.99,1.47,1
Lubeck,Germany,12.64,55.32,8.43,5.16,3.85,3.75,2.45,2.45,0.86,1.64,2.62,2.16,12.43,10.27,12.89,2.53,1.68,2.45,0.83,0.8,1.36,1.07,0.61,4.74,0.68,1.33,7.9,3.0,68.49,4.11,1.9,25.29,2.32,26870.5,25992.38,190.77,0.15,38.99,26.34,23.88,12.64,305.59,,76.4,37.67,85.88,93.57,658.59,526.87,1264.49,1001.06,,,2370.93,2.05,0
Erfurt,Germany,10.01,42.15,10.01,3.74,3.16,3.02,2.21,2.37,0.93,2.37,2.07,2.25,22.29,7.71,21.07,3.5,1.68,2.1,0.83,0.95,0.98,1.25,0.36,6.32,0.69,1.0,7.11,2.21,63.75,4.95,1.9,31.61,2.24,20252.98,19666.4,254.97,0.09,34.24,28.98,17.39,11.06,89.57,10537.45,82.54,38.28,98.35,176.5,579.56,437.3,1211.81,807.87,4162.29,3124.35,2711.29,2.53,0
Oberhausen,Germany,13.17,44.78,8.32,3.69,3.16,2.42,1.98,1.45,0.97,1.4,2.1,2.05,12.07,6.13,10.89,2.5,1.68,1.96,1.05,0.73,0.94,0.93,0.23,5.26,0.89,1.68,7.17,2.69,85.88,3.48,2.0,30.35,2.32,12644.94,18967.41,214.76,0.09,31.35,20.2,0.0,9.75,93.78,3793.48,57.96,54.0,94.84,126.45,,1053.75,,,,,,1.73,0
Rostock,Germany,12.64,47.42,8.43,4.48,3.16,2.99,2.02,2.33,0.96,1.73,1.96,2.31,9.69,6.63,12.64,2.07,1.68,2.07,0.83,1.84,1.02,1.12,0.52,5.26,0.62,1.5,7.48,2.53,65.33,3.06,2.53,31.61,2.28,24236.14,42149.81,222.28,0.1,36.88,21.43,24.59,10.27,173.87,4267.67,77.19,59.8,91.94,104.85,882.51,523.36,1535.83,983.5,3863.73,3020.74,2528.99,2.23,0
Kassel,Germany,14.75,42.15,9.48,4.21,4.43,3.52,2.99,2.66,0.93,1.36,2.07,2.25,13.07,7.71,10.53,2.1,1.73,2.1,0.83,0.68,0.94,1.05,0.52,5.26,0.56,1.57,7.59,3.27,85.88,3.69,1.9,31.61,2.32,23401.05,19666.4,398.08,0.1,28.98,22.38,14.75,10.54,316.12,10537.45,80.79,35.12,70.25,126.45,579.56,421.5,1264.49,758.7,5795.6,4214.98,2528.99,2.82,0
Hagen,Germany,13.7,52.69,9.48,3.69,3.06,2.85,2.36,2.04,1.06,1.94,2.19,3.44,12.26,7.82,14.05,2.77,1.68,2.3,1.41,2.03,1.05,1.61,0.65,5.27,0.56,1.58,7.38,2.95,73.76,3.69,2.0,31.61,2.21,24441.62,26343.63,279.73,0.12,35.39,52.69,16.86,12.64,245.87,12223.44,86.27,30.56,73.76,114.16,421.5,368.81,,,2107.49,1475.24,3055.86,1.97,0
Potsdam,Germany,10.54,47.42,8.43,3.69,3.69,3.14,2.24,1.76,1.03,1.04,2.3,2.4,11.03,7.26,10.53,2.07,1.68,1.72,1.01,1.42,1.11,1.19,0.42,5.79,0.56,1.26,7.59,2.37,45.31,3.69,2.21,26.87,2.3,23182.39,25835.73,198.2,0.09,32.9,36.35,21.07,10.54,126.45,5057.98,86.06,42.15,90.32,84.3,1053.75,605.9,1887.96,1159.12,9483.71,6322.47,2318.24,1.67,0
Saarbrucken,Germany,10.54,77.98,10.01,3.69,4.21,3.51,2.59,2.26,1.06,2.15,2.18,2.73,13.11,8.16,21.34,2.57,1.68,2.3,1.62,1.98,0.96,1.79,0.71,7.38,0.58,2.46,7.9,2.74,68.49,3.69,2.11,25.29,2.27,21947.41,17539.59,356.69,0.09,37.82,30.73,24.76,11.06,292.59,15806.18,75.17,44.05,88.12,123.82,671.76,500.53,1327.72,869.34,1896.74,1580.62,2686.79,2.47,1
Hamm,Germany,10.54,52.69,8.42,3.69,2.95,3.16,2.63,2.11,1.15,,1.05,3.02,,6.85,,2.11,0.94,2.1,,,,,,2.1,,1.04,8.43,2.74,73.76,3.48,2.11,34.77,,21074.9,21601.78,158.06,0.09,21.07,21.07,,15.81,136.99,,63.22,31.61,84.3,63.22,,,,,,,,2.27,0
Ludwigshafen,Germany,11.59,52.69,7.27,3.37,3.16,3.06,2.02,1.76,0.71,3.16,2.0,2.56,13.07,5.95,12.64,2.99,1.68,2.1,0.83,1.76,0.94,1.3,0.26,5.26,0.56,1.19,6.95,2.42,86.93,4.0,1.9,37.93,2.32,26870.5,22831.15,152.54,0.1,34.39,33.59,21.07,10.54,105.37,12118.07,73.24,38.2,77.98,118.72,,474.19,895.68,737.62,,3161.24,2107.49,1.42,0
Mulheim,Germany,10.54,47.42,7.9,4.16,3.69,2.63,1.58,2.37,1.05,1.68,1.57,3.16,13.59,7.9,13.16,2.63,1.44,2.63,0.83,1.84,0.94,1.36,0.62,5.26,0.58,0.9,8.43,2.95,,3.69,1.95,33.51,2.19,24763.01,30558.61,269.06,0.08,35.12,,,10.54,93.78,,68.49,31.61,89.57,84.3,500.53,456.62,1264.49,1264.49,,,3161.24,3.0,0
Oldenburg,Germany,8.43,47.42,8.43,3.69,3.16,3.34,2.77,2.99,0.99,1.84,1.62,3.16,8.22,6.11,25.29,2.63,1.68,2.37,0.83,3.16,0.94,1.42,0.52,5.8,0.56,1.58,7.38,2.71,52.69,4.11,2.21,34.77,2.32,31612.36,23920.02,241.92,0.1,34.25,25.03,,11.59,105.37,,98.35,34.25,98.79,91.32,526.87,509.31,1253.96,895.68,3161.24,2370.93,2177.74,1.9,0
Osnabruck,Germany,11.59,47.42,8.43,4.11,3.95,3.03,3.11,2.54,1.0,2.19,2.02,3.76,11.17,7.95,13.17,2.83,1.75,2.55,1.76,1.11,1.32,1.32,0.45,5.27,0.78,1.37,7.48,2.95,58.38,4.43,2.21,28.45,2.21,43730.43,34773.59,314.72,0.12,38.99,26.77,30.3,11.59,432.04,,79.03,46.15,99.93,129.08,500.53,389.89,1185.46,790.31,2809.99,1826.49,2739.74,1.75,1
Leverkusen,Germany,10.54,52.69,8.32,3.69,3.16,2.42,1.98,1.45,0.89,1.4,1.58,2.0,12.07,5.37,10.89,2.32,1.68,1.96,0.94,0.73,0.94,1.09,0.62,3.69,0.74,1.05,7.59,3.16,84.3,5.06,2.0,27.82,2.32,26343.63,24236.14,214.76,0.09,31.35,24.59,,12.64,93.78,,57.96,42.15,84.3,126.45,,843.0,1580.62,1264.49,5268.73,4214.98,2107.49,1.73,0
Solingen,Germany,10.54,57.96,9.48,4.06,4.21,2.99,2.85,2.56,1.1,2.33,2.02,3.06,13.59,8.22,9.47,2.45,1.73,2.23,1.47,1.36,0.97,1.36,0.62,6.32,0.65,1.42,7.9,3.06,83.72,5.06,1.95,27.82,2.26,24763.01,23656.58,217.42,0.12,29.31,35.83,,12.64,252.9,8956.83,109.14,39.14,84.77,109.89,421.5,368.81,843.0,737.62,3161.24,2107.49,2212.86,1.88,0
Darmstadt,Germany,20.55,57.96,8.43,4.21,4.21,3.49,2.98,2.54,1.47,3.72,2.69,3.45,26.27,8.23,20.72,3.35,1.92,2.63,0.83,2.77,1.38,1.6,0.95,5.27,0.57,1.92,7.06,2.82,68.49,3.69,2.11,34.77,2.27,42149.81,36881.08,231.46,0.13,38.05,41.27,,11.59,526.87,12644.94,84.83,38.64,89.57,107.22,994.47,690.79,1779.51,1369.87,5532.16,3933.98,3115.57,2.35,1
Heidelberg,Germany,15.81,60.59,10.54,4.21,3.48,3.19,2.58,2.21,1.12,2.26,2.33,2.84,10.22,7.63,14.45,2.93,1.77,2.18,1.3,1.51,0.96,1.74,0.59,5.8,0.58,2.24,7.59,2.92,84.3,3.16,2.85,31.61,2.22,25816.76,27660.81,287.93,0.09,39.32,45.55,22.66,14.75,453.11,20021.16,92.73,30.3,99.35,121.18,1027.4,735.71,1859.86,1396.21,7376.22,5163.35,3114.4,1.19,1
Neuss,Germany,10.54,36.88,7.9,4.06,3.69,2.7,2.63,2.37,1.05,1.13,2.02,3.41,10.74,6.81,9.47,2.35,1.67,1.32,1.28,1.13,0.2,0.98,0.33,5.26,0.65,0.9,7.59,3.16,100.11,2.9,1.96,41.1,2.03,21074.9,20021.16,269.06,0.08,29.31,29.86,26.34,10.54,142.26,8956.83,68.49,31.61,79.03,83.91,684.93,605.9,1264.49,948.37,4002.12,4002.12,2276.09,3.0,0
Regensburg,Germany,12.64,44.78,8.43,3.9,3.95,3.64,2.63,2.28,1.06,1.63,2.05,2.37,9.96,7.21,8.69,2.46,1.68,2.23,1.35,2.32,1.33,1.4,0.34,5.8,0.56,1.36,7.38,2.63,54.27,4.48,1.9,27.19,2.31,24550.68,,148.84,0.18,41.8,44.78,28.03,12.64,526.87,7586.97,63.75,51.28,75.52,94.39,1001.06,737.62,1580.62,843.0,7376.22,5268.73,2704.61,,1
Paderborn,Germany,11.59,84.3,7.9,3.69,2.9,3.03,2.54,2.24,0.93,2.46,2.24,3.04,19.71,8.13,21.07,2.71,1.61,2.27,2.15,2.28,1.15,2.11,0.8,5.27,0.56,2.04,7.38,2.85,63.38,3.69,2.85,29.72,2.31,26870.5,29856.11,273.1,0.21,39.52,50.93,19.32,12.12,263.44,7586.97,124.69,45.31,120.83,112.05,553.22,526.87,1238.15,1024.77,4741.85,5005.29,2423.61,2.56,1
Ingolstadt,Germany,11.59,63.22,10.54,4.48,5.27,3.5,2.46,2.3,1.0,2.83,2.06,2.92,15.6,9.33,16.86,2.63,1.68,1.97,0.83,2.74,0.98,0.95,0.87,5.27,0.69,1.18,8.43,2.85,61.64,3.37,2.34,31.61,2.32,21794.09,26691.37,230.8,0.09,47.42,63.22,19.32,13.7,324.9,21074.9,87.81,45.66,74.82,80.79,807.87,737.27,1551.11,1264.23,7446.47,6217.1,3082.2,2.17,1
Wurzburg,Germany,11.58,52.69,8.95,3.69,3.16,2.82,2.11,1.96,1.08,1.85,1.94,2.53,12.75,7.29,14.05,2.46,1.72,2.13,1.15,2.11,1.26,1.76,0.73,5.27,0.78,1.37,7.38,2.95,60.85,4.74,2.27,28.45,2.27,40042.32,42149.81,297.58,0.09,33.87,28.08,34.25,10.8,117.67,10537.45,84.3,31.61,81.67,120.65,667.37,577.63,1132.78,992.28,4712.35,4185.48,2186.52,3.57,1
Ulm,Germany,12.64,57.96,8.96,4.06,3.69,3.42,3.16,2.4,1.13,2.63,2.29,2.71,13.07,9.96,9.48,2.49,1.68,2.1,0.86,1.21,0.94,0.95,0.45,5.26,0.61,1.52,7.48,2.63,65.33,2.9,3.37,25.29,2.27,27397.38,39515.45,249.39,0.09,35.3,49.17,13.7,8.96,491.75,9873.59,108.89,35.56,77.71,108.01,974.71,816.65,1448.9,1159.12,5532.16,4214.98,3279.78,2.12,1
Heilbronn,Germany,11.58,52.69,8.95,3.69,4.21,3.35,2.11,1.96,0.99,1.85,1.91,2.53,12.75,7.29,14.05,2.63,1.72,2.1,0.83,1.32,0.94,1.05,0.47,5.27,0.56,1.0,7.9,2.95,73.76,3.79,2.63,28.45,2.16,23182.39,36881.08,194.77,0.09,31.09,43.03,10.54,13.17,386.37,5057.98,93.26,62.96,81.67,115.56,895.68,618.2,1668.43,1334.74,5795.6,4478.42,3411.5,1.75,0
Pforzheim,Germany,10.54,60.59,8.43,4.21,3.42,2.94,2.58,2.42,0.98,1.58,1.77,2.09,6.32,7.61,17.91,2.81,1.68,2.09,0.96,1.87,0.96,1.26,0.42,4.74,0.58,1.31,7.38,3.0,79.03,3.27,2.0,31.61,2.3,27660.81,24938.64,223.92,0.15,34.9,36.88,23.18,12.64,520.29,9615.43,81.67,33.37,86.06,123.82,737.62,658.59,2107.49,1475.24,3161.24,2634.36,2950.49,2.02,0
Wolfsburg,Germany,9.48,52.69,6.32,4.21,3.69,3.3,1.45,2.49,1.0,1.55,1.83,2.38,12.07,7.73,13.35,1.84,1.57,2.01,0.83,1.39,0.94,1.23,0.48,5.27,0.61,1.48,7.38,2.9,72.71,3.69,2.42,25.29,2.21,22128.65,22831.15,238.91,0.09,34.25,46.72,21.6,10.54,207.06,23709.27,65.48,43.2,79.27,85.8,521.6,421.5,895.68,737.62,4741.85,3371.98,3819.83,1.73,0
Gottingen,Germany,10.54,52.69,8.43,3.79,3.27,2.89,2.87,2.32,1.03,2.24,2.14,3.1,18.76,7.69,13.17,2.59,1.71,2.39,0.83,2.81,0.94,1.72,1.22,5.27,0.73,1.36,8.43,2.53,55.06,2.85,1.9,28.45,2.32,20969.53,,254.01,0.11,34.14,28.1,9.34,8.95,271.87,,65.86,31.61,80.53,102.74,729.72,453.11,1159.12,1093.26,4214.98,3161.24,2777.67,,1
Bottrop,Germany,13.17,52.69,8.43,2.63,2.11,2.92,2.11,1.58,0.95,3.16,1.58,2.1,,8.43,17.91,1.58,1.26,2.1,0.83,,0.94,0.89,,3.42,0.56,1.16,5.27,,,3.16,2.0,34.14,2.32,25289.89,24236.14,231.82,0.2,22.66,,,11.06,,,63.22,31.61,63.22,105.37,,,,,,,,3.0,0
Reutlingen,Germany,14.23,52.69,6.32,4.21,3.95,3.49,2.4,2.81,0.87,2.11,2.1,2.83,11.28,6.59,6.32,2.63,1.8,2.1,0.83,1.05,0.94,1.05,0.39,5.26,0.56,1.26,7.06,2.9,58.22,3.16,2.11,29.72,2.16,,,280.56,0.11,41.06,23.71,,12.64,632.25,12293.69,73.76,35.12,107.13,118.72,737.62,526.87,1050.23,948.37,,,2977.18,2.09,0
Koblenz,Germany,8.43,36.88,8.64,3.11,3.16,2.32,2.12,1.77,0.93,2.36,1.95,2.53,12.43,8.33,6.58,1.87,1.67,2.11,0.86,0.84,0.94,1.05,0.42,4.21,0.56,1.31,7.22,2.9,63.22,3.37,2.0,33.51,2.32,25289.89,,234.35,0.1,31.61,34.51,,10.54,500.53,,54.46,41.62,79.06,108.89,737.62,579.56,1475.24,1527.93,5268.73,3688.11,2212.86,1.55,0
Bremerhaven,Germany,7.64,21.07,7.9,2.63,2.63,2.37,2.27,1.95,0.94,1.79,1.33,1.96,,5.19,36.88,3.16,1.96,2.53,0.83,2.11,0.94,0.94,0.26,4.21,0.56,1.47,6.74,2.63,53.64,3.16,1.9,26.55,2.32,28451.12,28756.71,298.87,0.09,35.12,26.34,,9.48,210.75,,72.01,35.12,76.4,101.86,843.0,491.75,1211.81,772.75,,,4214.98,1.38,0
Recklinghausen,Germany,10.54,47.42,7.9,3.95,3.9,3.01,2.27,1.79,0.97,1.77,2.07,2.45,9.94,7.29,13.0,2.21,1.71,1.98,0.83,2.11,0.94,0.94,0.4,5.26,0.56,1.47,7.06,2.95,75.87,3.27,1.9,31.61,2.32,28451.12,22652.01,267.98,0.13,35.82,28.1,21.07,10.54,305.59,10748.2,84.12,35.12,76.4,101.86,,526.87,1264.49,843.0,3688.11,,2458.74,1.87,0
Erlangen,Germany,14.23,44.78,8.43,3.69,3.69,3.0,2.72,2.47,1.02,2.45,2.11,2.67,13.75,7.66,25.99,2.29,1.68,2.08,0.83,1.16,1.17,1.36,0.65,6.32,0.57,1.58,7.38,2.58,60.27,3.64,1.9,42.15,2.28,26343.63,31612.36,247.52,0.16,31.48,27.05,17.56,12.64,455.74,15279.31,85.99,43.2,90.41,105.37,701.79,562.0,1542.98,1008.58,5971.22,4039.36,3609.71,1.64,1
Bergisch Gladbach,Germany,10.54,52.69,8.43,1.91,3.59,2.36,2.01,2.11,0.95,1.46,2.1,3.01,,5.37,,1.25,1.44,2.26,0.83,2.11,0.94,1.05,0.2,3.58,0.56,2.11,8.43,2.9,,5.06,2.27,39.2,2.32,26343.63,24236.14,184.41,0.09,34.77,21.07,,10.54,,,79.03,42.15,84.3,147.52,,,,,,,,1.97,0
Remscheid,Germany,10.54,47.42,7.9,3.95,3.69,2.7,2.63,2.28,0.89,1.46,1.58,2.0,,5.37,13.16,2.32,1.68,1.32,0.83,1.13,0.2,2.1,,3.69,0.56,0.9,7.59,2.95,65.33,3.16,1.96,41.1,2.03,26343.63,24236.14,269.06,0.08,34.77,,,10.54,142.26,,68.49,31.61,84.3,84.3,474.19,421.5,790.31,737.62,,,2634.36,2.0,0
Jena,Germany,7.38,73.76,8.43,3.16,3.16,2.7,2.04,2.63,1.03,1.46,2.28,2.46,9.62,8.39,8.96,2.81,1.48,2.1,1.81,0.88,0.98,0.95,0.52,5.27,0.7,1.58,8.43,2.32,66.07,4.74,2.69,31.61,2.27,28451.12,26343.63,317.77,0.09,39.25,26.34,,11.85,179.14,4214.98,63.22,17.56,98.35,103.62,614.68,387.25,1369.87,860.56,5093.1,4144.73,2779.25,2.25,1
Trier,Germany,10.54,52.69,7.9,3.69,4.21,2.93,2.35,2.31,0.96,1.09,1.91,2.47,10.62,8.5,15.82,2.33,1.66,2.1,0.83,1.32,0.94,1.09,0.47,5.27,0.57,1.34,7.38,2.95,84.3,3.69,2.0,26.55,2.32,18440.54,23533.64,244.06,0.12,31.17,43.9,,10.54,509.8,12644.94,91.32,43.47,81.27,104.06,843.0,653.32,1369.87,1040.57,4004.23,3846.17,2839.26,1.7,0
Moers,Germany,10.54,52.69,8.43,4.21,3.16,2.85,2.63,2.63,0.98,1.77,1.58,2.68,12.9,7.33,13.0,1.58,1.26,1.9,0.83,0.95,0.94,0.89,0.4,3.95,0.56,1.58,5.27,2.9,94.84,3.79,2.11,33.51,2.32,17913.67,18967.41,231.82,0.17,22.66,26.34,,10.54,305.59,10748.2,84.3,31.61,63.22,105.37,,,,,,,,1.96,0
Salzgitter,Germany,10.54,63.22,7.32,3.69,3.85,3.55,2.77,2.0,1.05,1.86,2.15,2.88,12.28,7.66,13.38,2.28,1.68,2.1,0.83,0.53,0.94,1.16,0.63,5.26,0.64,1.07,6.95,,,3.27,2.27,27.82,2.14,25289.89,22655.52,275.78,0.09,41.1,26.34,,12.12,632.25,24236.14,83.25,42.15,93.78,93.78,368.81,316.12,579.56,526.87,,,1527.93,1.64,0
Siegen,Germany,8.43,36.88,6.59,2.63,3.16,2.32,2.29,1.77,0.9,1.84,1.4,2.56,9.75,7.38,21.07,2.0,1.63,1.84,0.94,1.02,1.53,1.0,0.89,4.21,0.56,1.31,7.38,2.85,94.84,2.95,2.0,30.35,2.32,22128.65,,266.58,0.13,37.51,36.62,,10.54,,,101.86,26.34,84.3,129.08,700.74,470.67,1317.18,948.37,2950.49,1896.74,2054.8,1.55,0
Hildesheim,Germany,10.54,84.3,8.43,3.69,4.0,3.03,2.6,2.46,1.08,1.19,2.01,2.25,9.27,5.12,8.43,2.4,1.51,1.96,0.97,1.11,0.97,1.58,0.74,5.26,0.56,1.4,7.06,2.95,65.86,3.69,1.58,23.39,2.16,34246.72,28977.99,231.82,0.08,35.01,35.12,21.6,10.27,316.12,,40.83,47.42,79.03,80.79,684.93,562.0,1299.62,1114.34,2386.73,2581.68,2441.53,1.96,0
Kaiserslautern,Germany,10.54,57.96,8.43,3.16,3.74,2.7,2.12,1.8,0.93,2.36,2.15,2.53,13.07,8.33,6.58,1.87,1.67,2.11,0.86,1.71,1.2,1.05,0.73,5.27,0.56,1.57,7.06,2.23,68.49,3.06,2.0,29.72,2.27,42149.81,36881.08,231.46,0.1,31.61,26.34,14.75,14.75,500.53,12644.94,54.46,42.15,79.06,107.22,656.83,449.6,837.73,1133.41,,,2950.49,2.0,0
Schwerin,Germany,6.06,52.69,8.61,2.74,3.16,2.56,1.58,1.58,0.75,,1.9,2.77,,5.26,,2.1,1.36,2.36,0.83,,0.94,,,4.21,,1.05,7.38,2.21,49.53,4.21,2.11,,2.32,26342.58,33719.85,158.98,0.16,33.72,31.61,21.07,15.81,276.08,,52.69,31.61,105.37,158.06,,,,,10021.65,10021.65,2634.36,,0
Weingarten,Germany,9.48,47.42,8.17,3.69,4.74,2.63,2.63,2.11,1.15,1.05,2.63,3.16,12.64,8.69,12.64,3.16,2.27,3.69,2.37,3.69,1.26,1.05,1.11,3.16,1.21,1.84,6.32,2.32,47.42,,,,2.0,25825.18,,210.75,,36.88,73.76,21.07,8.43,210.75,5057.98,68.49,18.44,70.25,63.22,474.19,342.47,1106.43,790.31,,3161.24,1527.93,,0
Neubiberg,Germany,10.54,47.42,8.43,,,2.11,1.58,1.05,0.84,0.7,1.04,2.01,,5.27,,1.58,1.04,,2.63,0.7,,,,,,,,2.42,,,,,,,,632.25,,,36.88,,,,,26.34,,31.61,,526.87,,,,,,,,0
Cottbus,Germany,8.96,63.22,7.9,3.16,3.16,2.99,2.28,2.46,0.89,1.86,2.1,2.5,10.8,4.04,5.94,1.78,1.3,2.07,1.89,0.9,0.94,0.62,0.2,6.05,0.75,1.58,7.38,2.63,43.05,3.06,2.53,42.68,2.32,35827.34,29631.32,289.78,0.15,38.64,36.83,,12.49,80.08,4214.98,91.29,40.04,73.76,112.38,451.74,287.25,1018.79,678.45,2790.0,1863.58,1644.37,1.9,0
Witten,Germany,10.54,36.88,10.01,3.69,3.16,3.16,2.46,2.39,1.0,1.13,2.02,3.06,10.74,6.0,9.47,2.35,1.66,2.23,0.87,1.04,0.94,0.98,0.33,4.16,0.63,1.21,7.38,2.85,63.22,5.06,1.95,20.86,2.17,26343.63,20021.16,316.12,0.12,29.31,21.07,,10.01,84.3,8956.83,78.68,37.93,79.03,97.47,,,,,,1580.62,,3.3,0
Tubingen,Germany,10.54,43.2,9.48,3.93,3.42,3.06,2.5,1.91,0.98,1.58,1.77,2.09,13.07,7.61,20.81,2.11,1.68,2.09,0.83,1.05,0.94,0.63,0.42,4.74,0.56,1.05,6.85,2.74,57.96,3.06,2.0,29.08,2.14,26870.5,24938.64,229.86,0.18,34.9,31.61,15.81,11.59,421.5,9615.43,73.76,21.07,81.67,123.82,922.03,620.23,1409.38,1106.43,7376.22,3951.54,2613.29,1.62,0
Flensburg,Germany,10.01,42.15,8.42,4.48,4.0,3.16,2.56,1.93,1.0,1.22,1.29,2.45,7.11,8.14,5.8,2.02,1.21,1.93,1.74,1.45,0.99,0.86,0.31,5.27,0.88,1.66,7.38,2.53,55.32,3.48,2.0,41.2,2.0,21074.9,29504.87,253.03,0.07,35.09,21.07,21.85,8.9,286.93,12610.7,84.29,39.52,84.3,97.84,553.22,463.65,1106.43,881.63,2950.49,2423.61,2985.61,2.67,0
Zwickau,Germany,10.54,52.69,8.43,3.69,3.16,2.99,2.53,2.37,0.98,1.15,1.3,1.86,10.54,6.32,6.85,1.52,1.68,2.17,1.51,0.79,0.94,1.04,0.21,4.74,0.53,0.53,7.64,2.32,52.69,3.69,1.9,27.4,2.29,24201.37,26132.88,186.03,0.08,34.94,26.34,,11.59,364.6,13501.11,52.69,26.34,84.3,105.37,316.12,316.12,737.62,632.25,1460.49,1460.49,3693.38,1.97,0
Giessen,Germany,14.75,42.15,9.16,3.69,3.16,2.82,2.49,2.32,0.89,1.77,2.08,2.95,11.22,7.38,21.6,3.16,1.84,1.89,0.83,1.23,0.94,1.16,0.5,4.74,0.62,1.51,7.38,2.69,79.03,3.16,1.37,26.55,2.32,23182.39,22128.65,197.58,0.11,38.64,24.2,6.32,14.23,263.44,10537.45,75.17,21.07,94.84,182.65,878.12,772.75,1685.99,1369.87,4467.88,4214.98,1721.12,2.33,0
Villingen-Schwenningen,Germany,12.64,57.96,10.01,3.53,5.8,2.62,2.85,2.85,0.76,1.08,2.1,3.12,,6.84,26.33,1.89,1.21,0.95,,0.59,,1.57,0.26,5.27,0.84,1.05,8.01,2.53,59.01,5.27,2.21,29.72,2.32,,,,0.2,31.61,28.35,4.21,12.64,,,84.3,41.1,126.45,84.3,555.85,579.56,,761.86,4741.85,2634.36,,,0
Worms,Germany,9.48,52.69,8.43,4.21,3.42,2.94,2.37,2.39,0.84,1.58,1.77,2.09,14.01,7.61,20.81,2.63,1.55,2.09,0.83,1.16,0.96,0.95,0.42,4.74,0.58,1.04,6.85,2.95,79.03,3.69,1.84,29.72,2.3,26870.5,24938.64,274.63,0.09,34.9,26.34,,8.69,520.29,9615.43,75.52,33.37,100.9,123.82,,316.12,,,,,,2.13,0
Minden,Germany,10.54,52.69,6.32,3.69,2.95,3.16,2.63,2.11,0.74,1.21,1.05,1.68,6.26,6.79,7.99,2.11,0.94,1.78,2.15,0.46,1.05,1.96,0.63,2.1,0.41,1.04,7.38,2.11,42.15,3.48,2.11,34.77,2.04,21074.9,21601.78,158.06,0.09,20.97,20.97,7.38,10.54,136.99,10537.45,42.15,26.34,42.15,63.22,579.56,474.19,,,2405.7,2067.45,2402.54,2.27,0
Dessau-Rosslau,Germany,8.43,31.61,8.95,3.16,2.63,2.79,2.53,2.63,0.93,1.58,1.83,1.79,,5.25,14.75,2.32,1.36,2.1,0.83,2.11,0.94,1.05,,4.74,0.56,1.26,6.85,,,3.69,1.9,25.29,2.27,23182.39,23414.1,223.92,,42.15,26.34,,9.48,65.33,10537.45,79.03,26.34,100.11,126.45,345.1,216.02,474.19,395.15,,,1949.43,,0
Bamberg,Germany,10.54,47.42,8.96,3.16,2.9,3.19,2.77,2.37,0.93,2.11,2.07,2.31,13.07,7.37,,2.98,1.68,1.93,0.83,,0.94,,0.45,5.26,0.71,1.36,7.38,2.11,46.47,3.9,2.32,31.61,2.32,20788.29,,185.46,0.1,43.99,29.82,25.99,13.17,251.85,,63.93,38.29,70.95,90.62,878.12,718.3,1791.37,1299.62,7903.09,6322.47,2845.11,,0
Marburg,Germany,12.12,52.69,8.17,3.69,2.63,2.82,2.81,2.63,0.96,1.77,2.08,2.83,11.22,9.8,21.6,2.98,1.84,1.89,0.83,1.23,0.94,1.16,0.5,4.74,0.62,1.51,7.38,2.42,48.47,3.16,1.37,26.55,2.32,23182.39,22128.65,197.58,0.11,38.64,31.61,,12.64,263.44,10537.45,75.17,21.07,68.49,57.96,,,,,,,4425.73,2.33,0
Wilhelmshaven,Germany,10.54,47.42,7.9,4.21,3.16,2.56,1.58,1.58,0.75,2.53,1.04,2.64,9.37,5.26,24.74,2.1,1.36,2.36,0.83,1.32,0.94,0.82,0.68,5.0,0.62,1.05,7.38,3.56,81.67,4.21,2.11,34.77,2.28,26342.58,26317.29,158.98,0.09,30.73,20.37,73.75,12.64,276.08,10010.58,52.69,31.61,84.09,96.15,368.81,252.9,1053.75,843.0,,,,2.4,0
Bayreuth,Germany,12.64,52.69,9.48,3.16,3.69,2.77,2.6,1.9,0.98,1.66,1.92,2.99,13.07,7.79,9.69,3.54,1.78,2.09,0.83,1.42,0.94,1.84,0.52,4.74,0.56,1.69,8.43,2.48,49.0,3.69,2.32,31.61,2.32,22655.52,27397.38,295.05,0.09,49.17,28.1,,12.64,447.84,,80.79,42.15,59.71,122.94,649.81,625.66,1966.99,1106.43,,,,,0
Landshut,Germany,11.06,50.05,9.48,3.58,3.27,3.42,3.16,2.11,1.05,2.63,2.62,3.98,13.59,,,4.21,1.89,1.58,2.0,1.54,0.94,1.0,0.63,10.54,0.85,2.11,8.17,2.11,49.0,3.16,2.11,27.19,2.32,,,149.28,,42.15,46.89,,10.54,,,79.03,,63.22,63.22,737.62,526.87,1027.4,790.31,,,2845.11,,0
Aschaffenburg,Germany,11.59,52.69,8.43,3.69,3.16,2.94,2.46,1.76,0.89,1.58,1.77,2.09,11.22,7.61,20.81,2.98,1.68,2.02,0.83,1.3,0.96,1.21,0.42,4.48,0.58,1.31,7.38,2.63,72.71,3.37,2.11,31.61,2.3,26870.5,24938.64,182.39,0.11,34.9,36.88,,12.64,263.44,9615.43,70.25,26.34,68.49,57.96,1022.13,667.37,1264.49,1141.56,4214.98,3161.24,3161.24,2.13,0
Celle,Germany,11.59,55.32,6.32,4.21,4.74,3.95,3.16,3.16,1.01,1.21,1.82,2.39,6.26,6.79,7.99,2.55,1.89,1.78,2.15,0.46,1.05,1.96,0.63,4.21,0.41,1.21,5.27,4.74,68.49,3.69,,,2.04,25816.23,26343.63,158.54,0.02,42.15,28.1,84.3,12.64,68.49,10537.45,72.35,42.14,110.12,57.96,395.15,316.12,1185.46,684.93,3291.9,2263.97,1888.31,2.93,0
Kempten,Germany,12.64,24.76,8.42,4.0,2.63,2.81,1.31,,1.09,1.84,1.58,1.89,,4.21,8.43,2.63,2.0,2.41,,0.74,,1.57,,5.27,1.26,2.63,6.85,2.21,56.9,2.63,,,,,,184.41,0.09,34.25,34.25,,9.75,368.81,,105.37,,108.01,126.45,,,,,5268.73,,2318.24,1.0,0
Fulda,Germany,9.48,36.88,13.17,3.06,4.11,2.89,2.55,1.84,0.91,2.63,2.63,2.32,9.37,5.8,8.74,2.62,1.26,1.84,0.83,0.94,0.94,1.04,0.37,2.63,0.84,1.36,6.85,2.53,51.42,2.63,2.11,31.61,2.32,,,179.14,0.16,26.34,21.07,,10.54,,4214.98,63.22,52.69,42.15,63.22,,526.87,,,,,,1.9,0
Aalen,Germany,15.81,52.69,10.54,3.69,3.16,3.79,3.16,2.28,1.0,1.74,2.06,2.92,14.75,9.33,16.86,1.58,1.58,1.97,0.83,2.74,0.94,0.95,0.21,5.27,0.69,1.18,8.43,1.9,57.96,2.95,2.32,34.77,2.32,21794.09,26691.37,209.53,0.09,31.61,31.61,22.31,13.7,105.37,21074.9,87.81,42.15,74.82,80.79,969.45,509.31,983.5,825.43,,,2107.49,1.6,0
Russelsheim,Germany,10.54,36.88,11.06,3.69,2.53,2.9,1.84,1.58,0.82,0.95,0.68,2.34,,8.43,21.07,4.39,4.39,4.65,,3.16,,2.0,0.26,4.74,0.58,,7.38,3.69,94.84,4.21,,12.64,2.32,26343.63,47418.53,84.3,,31.61,23.71,0.0,14.23,,,126.45,84.3,115.91,126.45,790.31,579.56,1369.87,983.5,4214.98,4741.85,2634.36,2.0,0
Rosenheim,Germany,10.54,57.96,9.48,4.21,6.32,3.34,2.67,3.06,1.04,2.11,1.48,2.91,9.48,9.22,32.88,2.63,1.69,1.05,3.69,1.05,0.95,1.37,0.84,9.48,1.11,,8.01,1.9,46.36,,,,2.19,30031.74,28451.12,242.36,0.11,42.15,36.88,26.34,10.54,,,63.22,52.69,71.13,79.03,674.4,590.1,1053.75,,,,1685.99,,0
Friedrichshafen,Germany,12.12,63.22,8.43,4.21,4.21,3.13,3.37,2.8,1.22,2.11,3.16,2.49,13.07,9.48,15.81,1.84,1.52,2.1,0.83,0.74,0.94,1.16,0.52,4.21,0.56,1.32,7.38,2.53,54.0,3.69,2.21,31.61,2.25,29504.87,34773.59,174.5,0.25,38.29,28.1,,13.17,210.75,4552.18,52.69,26.34,73.76,73.76,790.31,605.9,1317.18,922.03,,4022.15,2634.36,2.0,0
Wesel,Germany,10.54,42.15,9.48,2.11,3.16,2.11,1.58,1.05,1.04,,1.57,2.52,,3.15,,2.11,1.57,2.11,,,,,,7.37,,1.04,7.06,,,,,,,,,,,,31.61,,6.32,,,31.61,,84.3,84.3,,,,,,,,,0
Greifswald,Germany,10.54,57.96,10.01,4.21,2.63,3.16,3.27,1.58,1.14,1.86,2.41,3.04,12.28,12.89,33.68,2.56,1.9,2.36,2.11,1.05,0.94,0.83,0.63,6.32,1.03,1.07,6.95,2.32,40.04,3.69,1.9,29.72,2.32,25289.89,33192.97,150.69,0.1,42.15,23.7,15.81,14.7,210.75,10537.45,84.3,15.81,73.76,126.45,474.19,263.44,2107.49,1053.75,,,2423.61,2.0,0
Offenburg,Germany,10.54,36.88,9.48,4.0,4.21,4.53,2.11,3.23,0.94,1.72,2.81,2.81,10.53,6.67,14.23,3.16,2.0,1.93,3.01,1.82,2.11,1.23,1.12,6.32,1.0,2.32,8.43,,,,,,,,,158.06,,46.89,36.88,,11.06,368.81,,26.34,31.61,60.59,94.84,790.31,632.25,1738.68,1211.81,,2423.61,1791.37,,0
Neu-Ulm,Germany,,,,,,,,,0.83,1.84,2.73,3.28,,6.52,26.33,3.99,1.68,3.16,,1.48,,1.36,0.16,7.89,,1.68,8.43,2.74,54.79,,,,2.0,,,291.1,0.09,52.68,42.15,15.81,9.48,194.42,,73.76,42.15,73.76,63.22,1053.75,816.65,1264.49,1159.12,,,2634.36,,0
Frankfurt (Oder),Germany,12.12,63.22,8.96,5.01,4.21,3.16,2.46,2.81,0.9,0.94,1.98,2.24,13.07,7.79,9.48,2.42,1.75,1.89,0.83,1.58,0.94,1.05,0.52,5.79,0.56,1.23,8.43,2.95,73.76,3.16,2.11,25.29,2.32,24236.14,22655.52,334.56,,40.39,28.1,21.07,9.48,400.42,,57.96,42.1,63.22,79.03,526.87,374.08,579.56,526.87,3161.24,,,2.5,0
Waiblingen,Germany,12.64,29.5,9.48,2.79,2.11,1.72,1.58,2.11,1.48,1.47,2.63,3.24,4.43,7.28,11.62,3.17,1.32,4.08,2.58,2.64,1.58,1.82,1.02,3.16,1.05,2.11,11.59,2.85,62.17,8.43,,55.32,2.67,10537.45,15806.18,191.24,0.23,33.37,36.88,26.34,15.81,579.56,15806.18,45.31,40.39,82.54,84.3,632.25,597.12,1422.56,1194.24,,,5159.84,2.0,0
Schweinfurt,Germany,8.43,42.15,8.43,3.16,3.16,3.02,2.53,2.63,0.98,1.58,1.83,1.9,22.29,9.48,14.75,3.16,1.44,2.1,0.83,0.95,0.94,1.05,0.36,4.74,0.69,1.0,7.9,1.9,42.15,3.06,1.9,25.29,2.24,20252.98,23414.1,254.97,0.09,34.24,47.42,,9.48,65.33,10537.45,79.03,26.34,98.35,126.45,474.19,368.81,895.68,711.28,3688.11,2634.36,2107.49,2.53,0
Bad Salzuflen,Germany,13.7,71.13,9.48,3.69,3.69,3.0,1.58,2.1,0.95,1.42,1.15,3.09,,9.43,25.29,2.63,1.84,3.15,,3.15,,1.58,,3.15,,1.32,10.01,7.9,,6.64,1.9,,,26238.26,23920.02,368.81,,31.6,73.76,31.61,12.64,79.03,,131.72,52.69,263.44,263.44,421.5,316.12,737.62,526.87,,,,1.8,0
Wetzlar,Germany,21.07,126.45,10.54,4.21,4.21,4.21,3.16,2.11,0.74,1.58,2.11,3.79,21.07,5.27,6.32,2.11,2.11,2.11,,1.05,1.05,1.05,0.53,8.43,1.05,1.05,8.43,4.74,136.99,2.11,3.16,31.61,2.63,26343.63,26343.63,179.14,0.32,52.69,26.34,47.42,15.81,316.12,5690.22,63.22,73.76,94.84,136.99,737.62,579.56,1791.37,1369.87,2318.24,1475.24,1369.87,,0
Passau,Germany,10.54,52.69,8.43,3.42,4.21,3.41,2.7,2.21,1.12,1.54,1.99,3.09,12.79,8.51,25.29,2.35,1.88,2.18,1.03,1.58,1.36,1.19,0.66,4.74,0.75,1.76,8.43,2.11,44.78,3.69,2.11,28.45,2.31,23447.94,25284.09,224.19,0.17,40.74,35.12,20.02,9.48,105.37,,80.44,42.85,94.84,97.3,701.99,467.16,1185.46,983.5,3688.11,3161.24,1756.24,4.2,1
Wolfenbuttel,Germany,21.07,52.69,15.81,,,,,1.05,,,2.74,,,,,,1.26,1.37,,1.05,,,1.26,,1.06,,,1.69,174.92,3.06,2.32,,,,,223.92,,52.69,52.69,,10.54,,,105.37,21.07,84.3,105.37,526.87,526.87,948.37,684.93,,,1965.32,,0
Kleve,Germany,15.81,57.96,9.48,3.16,2.37,3.02,2.1,1.32,0.91,1.58,2.1,2.82,,9.32,8.43,3.34,1.94,2.63,0.83,,0.94,1.05,0.68,5.27,0.56,1.42,7.38,3.06,84.3,3.48,1.79,42.36,2.16,,,160.65,0.09,36.88,39.16,26.34,10.54,,,84.3,21.07,168.6,104.32,368.81,395.15,948.37,737.62,,,,2.87,0
Bad Kreuznach,Germany,21.07,52.69,10.54,3.16,1.58,2.63,1.05,1.05,0.9,,,,,,,,,,,,,,,,,,7.38,,,,,,,,,,,52.69,73.76,,12.64,,,52.69,21.07,63.22,42.15,,,,,,,,,0
Ravensburg,Germany,10.54,43.2,8.43,3.93,3.95,3.06,3.0,2.0,1.16,2.11,1.48,2.78,13.07,7.79,15.81,2.11,1.52,2.1,0.83,0.74,0.94,0.63,0.52,4.21,0.56,1.05,7.38,2.53,65.86,3.06,2.21,31.61,2.25,24236.14,20969.53,174.5,0.16,38.29,50.93,,11.59,210.75,4552.18,73.76,21.07,68.49,73.76,,526.87,1159.12,948.37,6322.47,4952.6,2265.55,1.62,0
Gummersbach,Germany,12.64,47.42,14.75,3.16,3.16,2.63,2.63,2.11,0.94,,,2.11,,,,,2.11,,,,,,,,,,,3.69,79.03,,,,,26343.63,31612.36,,,,,,,,,,,,,,,,,,,,2.0,0
Leonberg,Germany,8.43,63.22,5.27,1.58,,3.69,3.16,3.16,0.95,2.0,1.05,2.78,10.54,6.32,16.33,2.37,1.84,2.9,3.95,2.74,1.26,1.32,1.03,5.8,1.05,1.05,7.9,,,,,,,,,263.44,,30.56,31.61,,12.64,421.5,,73.76,52.69,73.76,73.76,1264.49,948.37,2107.49,1580.62,,,1580.62,1.7,0
Soest,Germany,17.12,26.34,13.17,5.27,2.85,2.39,2.0,2.63,0.86,1.05,2.37,1.77,,5.27,6.32,2.63,2.88,3.16,0.83,1.58,0.94,1.52,0.2,6.06,0.87,1.26,7.64,3.16,25.29,3.37,2.11,34.77,2.32,42149.81,26343.63,210.75,0.05,36.88,21.07,42.15,5.27,368.81,,63.22,26.34,63.22,73.76,790.31,395.15,895.68,843.0,7376.22,,1580.62,2.0,0
Herzogenrath,Germany,10.54,52.69,8.42,3.69,2.95,3.16,2.63,2.11,0.74,,1.53,1.68,,6.85,,3.15,2.1,3.15,1.57,0.38,1.57,0.53,,2.1,,1.04,7.38,,,3.48,2.11,34.77,,21074.9,21601.78,158.06,0.09,20.97,,,10.54,136.99,,42.15,26.34,42.15,63.22,,,,,,2107.49,3055.86,2.27,0
Fellbach,Germany,10.54,36.88,9.16,3.69,2.53,2.82,1.84,1.58,0.96,1.79,1.69,2.53,12.64,7.38,17.91,2.11,1.16,1.89,2.74,1.05,0.94,1.16,0.84,4.21,0.91,1.51,7.38,,104.32,3.16,1.37,12.64,2.27,23182.39,22128.65,197.58,0.15,38.64,,,14.23,316.12,,75.17,21.07,105.37,126.45,1053.75,790.31,2634.36,1896.74,,,3161.24,2.0,0
Bruchsal,Germany,11.59,63.22,8.43,4.21,4.21,3.16,3.03,2.11,0.99,2.11,2.16,2.7,13.75,8.23,20.72,2.46,1.68,2.02,0.83,2.28,0.94,1.3,0.53,5.27,0.57,1.58,7.06,,,3.69,2.11,31.61,2.27,21074.9,25421.6,231.46,0.1,38.05,31.61,,10.54,392.52,9799.83,84.83,38.64,89.57,107.22,632.25,526.87,1264.49,948.37,,,,2.35,0
Oranienburg,Germany,,,,,,,,,,,,,,,,,,,,,,,,,1.05,,7.38,4.21,84.3,,,,,,,597.12,,,42.15,,,,,,21.07,,,913.08,526.87,1685.99,1053.75,,,,,0
Kaufbeuren,Germany,14.23,52.69,6.32,4.21,3.95,3.49,2.99,2.63,1.02,2.11,2.28,2.91,12.64,6.59,,2.63,1.86,2.37,2.03,1.05,0.94,1.05,0.42,5.27,0.85,1.26,8.43,,,3.16,2.11,29.72,2.16,,,318.66,0.09,42.15,42.15,,12.64,632.25,,84.3,35.12,84.3,158.06,,474.19,,843.0,,,2107.49,1.5,0
Ansbach,Germany,8.36,34.25,6.32,3.16,3.16,2.11,2.99,2.81,1.02,1.05,2.28,2.31,12.64,6.59,,2.11,1.05,1.68,2.03,1.05,0.94,1.05,1.05,5.27,0.56,1.26,6.32,,55.85,3.16,2.11,29.72,2.16,,,318.66,0.09,42.15,21.07,,12.64,632.25,,47.42,35.12,51.63,68.49,,,,,,1053.75,3020.74,1.5,0
Schwabach,Germany,8.43,42.68,7.38,4.21,3.16,3.24,2.81,2.18,0.76,2.1,1.99,2.52,10.43,8.45,14.75,2.1,1.15,1.42,0.83,0.63,1.68,1.04,0.2,4.2,0.6,0.71,7.38,3.58,,3.69,2.11,26.55,2.32,24683.98,23266.69,210.75,0.31,31.61,36.78,,10.43,758.7,5795.6,93.77,52.69,97.47,158.06,,516.34,,,,,,1.47,0
Furstenfeldbruck,Germany,12.64,52.69,8.43,3.69,3.58,2.63,2.21,1.51,1.09,2.18,4.48,3.7,19.32,12.12,21.07,3.86,2.35,3.69,3.16,2.63,2.11,1.32,0.95,6.32,1.26,1.05,8.43,7.38,100.11,1.58,,,2.21,33719.85,33719.85,248.8,0.16,28.98,80.79,,11.59,210.75,,80.79,26.34,,84.3,895.68,983.5,1520.91,1352.31,8429.96,7376.22,,3.0,0
Crailsheim,Germany,11.33,77.98,6.59,2.53,2.79,2.81,2.11,2.11,0.79,0.74,2.18,3.37,,8.43,14.75,2.8,0.95,2.74,2.85,1.74,,0.74,0.53,3.16,,,,1.9,61.12,5.8,,,,42149.81,31612.36,219.23,,34.19,,,,,,36.88,31.61,57.96,,526.87,421.5,869.34,684.93,,,,,0
Zweibrucken,Germany,,94.84,5.27,4.21,3.16,2.32,2.42,2.63,1.04,2.63,,,,,,,,,,,,,,,,,,,,,,,,,,179.14,,47.42,,,,,,52.69,21.07,47.42,52.69,,368.81,474.19,526.87,,,4478.42,1.5,0
Bad Nauheim,Germany,8.43,42.15,7.38,4.0,3.69,3.24,2.49,2.18,1.06,2.21,2.07,2.89,13.53,8.45,14.75,2.97,1.73,2.11,0.83,1.23,0.94,1.16,0.68,4.74,0.6,1.51,7.59,,,3.16,1.37,26.55,2.32,23182.39,22128.65,345.63,0.09,38.64,21.07,,14.23,421.5,5795.6,75.17,21.07,94.84,158.06,,,,,,,,1.47,0
Landsberg,Germany,13.7,63.22,8.43,4.0,,,,,0.76,1.79,1.05,2.59,14.01,13.59,23.39,3.15,1.94,2.63,3.58,2.21,3.06,1.48,0.21,6.32,1.11,,7.38,1.58,37.93,4.11,,,2.31,,,,,,,,9.48,,,,,,,843.0,669.13,1896.74,1527.93,7903.09,6322.47,,1.5,0
Wangen im Allgau,Germany,15.81,36.88,7.38,3.37,3.69,3.16,3.16,3.16,0.95,3.16,1.69,2.97,15.81,11.06,15.81,2.63,1.63,3.16,3.16,2.11,1.58,1.21,0.26,5.27,1.05,1.0,7.9,1.48,,,,,2.21,,,398.99,,43.73,47.42,,10.54,,,42.15,21.07,47.42,52.69,790.31,526.87,1053.75,737.62,6322.47,4214.98,2571.14,2.5,0
Bad Honnef am Rhein,Germany,,,,,,,,,1.48,2.11,0.99,2.48,6.32,5.08,7.38,3.16,3.05,3.05,2.53,1.05,,,1.53,10.54,,,9.48,2.63,,6.32,,36.88,,16859.92,21074.9,421.5,0.32,,63.22,,12.64,526.87,,21.07,36.88,52.69,105.37,895.68,737.62,2634.36,2002.12,5268.73,4214.98,2423.61,,0
Pfaffenhofen,Germany,14.75,63.22,8.43,3.79,4.0,2.11,2.0,2.0,1.46,2.1,2.63,3.78,9.8,9.48,12.64,3.69,3.15,,,3.69,,1.84,0.83,8.43,1.26,2.0,7.9,,108.54,3.69,,,2.21,,,,,41.1,83.25,36.88,16.86,305.59,,115.91,68.49,167.55,209.7,,,1317.18,1001.06,6849.34,6059.04,,,0
Friedrichsdorf,Germany,12.64,29.5,8.43,5.27,5.27,4.21,3.16,2.11,1.16,,,,,,,,1.26,,,,,,,5.27,,,,5.27,,,1.26,,,,16859.92,,,,43.91,,,,,,,63.22,158.06,,,,,,,,,0
Bad Mergentheim,Germany,10.01,52.69,10.54,4.0,4.11,3.32,3.69,3.69,1.05,,,1.52,,,,3.69,3.69,3.69,,,,,,,,,,,,,,,,,,,,,,,,,,,,,,,,,,,,,,0
Husum,Germany,15.81,105.37,,4.21,3.16,3.16,2.63,1.05,1.36,2.2,4.16,5.36,13.65,15.12,12.96,3.11,2.05,1.66,2.89,1.4,1.46,1.25,1.9,6.3,1.31,1.05,5.11,,,,,,,,,,,,,,,,,,,,,,,,,,,,,0
Herzogenaurach,Germany,21.07,73.76,9.48,4.21,4.21,3.16,2.11,1.05,0.78,2.11,2.05,2.53,4.21,5.16,5.16,2.11,1.05,2.11,1.05,2.11,,1.05,,7.38,,,8.32,1.44,,3.66,1.84,22.13,2.11,23071.75,,113.8,,,26.34,3.16,15.81,474.19,15806.18,70.6,,47.42,93.78,1053.75,948.37,1580.62,1422.56,,,4636.48,,0
Schramberg,Germany,11.59,63.22,10.54,4.48,5.27,3.06,2.0,2.3,1.0,2.83,1.05,2.92,15.6,9.33,16.86,2.63,1.68,1.97,0.83,2.74,0.98,0.95,0.87,5.27,0.69,1.18,7.38,2.08,69.64,3.37,2.34,31.61,2.32,21794.09,26691.37,109.59,0.09,47.42,31.61,33.72,7.38,324.9,21074.9,81.67,45.66,73.76,80.79,684.93,600.63,1527.93,1896.74,3673.36,3413.08,3261.87,2.17,0
Gross-Umstadt,Germany,7.38,,5.27,1.58,2.11,2.11,2.11,2.11,0.74,,0.63,1.58,,5.27,,2.11,4.74,4.74,,,,,,7.38,,1.05,8.43,3.16,105.37,2.11,2.11,,,36881.08,21074.9,223.92,,52.69,,,21.07,,,84.3,73.76,73.76,158.06,,,,,,,,,0
Annaberg-Buchholz,Germany,,,,,,,,,0.83,3.16,,2.52,,,,,,,,,,,,,,,,,,4.21,1.9,,,25289.89,23182.39,665.36,0.2,47.42,47.42,,30.56,158.06,,104.32,51.63,104.32,135.93,316.12,263.44,632.25,526.87,,,,,0
Buckeburg,Germany,8.43,38.99,8.43,3.69,3.16,3.34,2.77,2.99,0.99,1.86,3.65,3.04,8.22,6.11,33.68,2.56,1.68,2.37,0.83,2.32,2.11,2.05,0.63,5.8,0.56,1.07,6.95,5.95,82.19,3.69,2.21,36.88,2.14,25289.89,25152.9,241.92,0.1,28.05,17.91,,11.59,105.37,,83.25,34.25,93.78,91.32,885.15,408.33,1488.42,1172.29,,,,1.9,0
Erlenbach am Main,Germany,15.81,57.96,8.43,4.21,4.21,3.49,2.58,2.39,1.12,3.69,2.69,2.84,20.02,8.23,20.72,2.93,1.77,2.18,0.83,1.51,1.15,1.6,0.59,5.8,0.57,1.92,7.06,2.79,89.57,3.69,2.11,31.61,2.27,25816.76,27660.81,287.93,0.09,39.32,32.93,23.18,11.59,453.11,12644.94,84.83,34.25,99.35,121.18,816.65,649.81,2160.18,1275.03,7144.39,4109.61,2480.69,2.35,0
Ainring,Germany,,,,,,,,,,,,,,,,,,,,,,,,,,,,2.42,47.42,,,,,,,158.06,,31.61,26.34,,8.43,,,63.22,21.07,84.3,105.37,,,,,,,,,0
Rudesheim am Rhein,Germany,,,,,,,,,1.15,1.58,2.11,2.53,8.18,15.7,17.81,3.16,1.15,2.63,1.36,1.36,0.95,1.05,0.26,3.16,1.05,1.26,8.01,3.42,102.21,,,,,,,,0.09,21.07,31.61,,15.81,,,63.22,26.34,84.3,,632.25,,,1264.49,,,,,0
Haag in Oberbayern,Germany,12.64,44.78,8.43,3.9,3.95,3.16,2.11,1.05,1.05,1.63,1.05,1.26,9.96,5.27,8.69,2.46,1.68,2.23,1.35,2.32,1.33,1.4,0.34,5.8,0.56,1.36,7.38,5.27,105.37,4.48,1.9,27.19,2.31,20021.16,24236.14,148.84,0.18,41.8,31.61,31.61,12.64,210.75,7586.97,63.75,51.28,75.52,94.39,,,,,,,,3.0,0
